"country","country isocode","year","POP","XRAT","Currency_Unit","ppp","tcgdp","cgdp","cgdp2","cda2","cc","cg","ci","p","p2","pc","pg","pi","openc","cgnp","y","y2","rgdpl","rgdpl2","rgdpch","kc","kg","ki","openk","rgdpeqa","rgdpwok","rgdpl2wok","rgdpl2pe","rgdpl2te","rgdpl2th","rgdptt"
"Afghanistan","AFG","2010","29121.286","46.478333333","Afghani","23.814058069","30594.202438","1050.578688","1078.9041697","1525.8293909","104.22775166","17.405445318","19.790799123","51.23690193","52.898820633","45.627375867","72.539464426","68.508153069","83.588890299","87.931962614","2.255982406","2.3168077294","1049.3561327","1040.4424194","1048.5992132","92.792855257","14.903953408","17.536168971","57.466047907","1346.5907893","3979.863187","3948.904816","na","na","na","934.26366119"
"Albania","ALB","2010","2986.952","103.93644335","Lek","58.26206978","21024.571989","7038.8047714","7136.6602223","8633.9961651","83.530686796","7.6238803233","29.826338461","56.055477656","55.555732402","60.219344009","45.830951995","47.199528704","92.187495864","99.118361102","15.114926569","15.325058545","6616.6311368","6621.5813988","6617.1277917","79.019364928","6.936633186","28.081974882","78.789295163","7451.8002069","14172.856901","14182.395834","na","18709.753569","na","6258.9329688"
"Algeria","DZA","2010","34586.184","74.27","Algerian Dinar","47.361039242","249741.62707","7220.8494314","7360.0237277","6748.8768886","36.195189602","14.960213749","40.540997889","63.768734673","64.304367965","70.819488828","43.806537","64.476566359","72.441473948","96.02327994","15.505844027","15.804702901","6260.2076956","6236.7490531","6263.3406508","37.125805952","14.758696754","41.386594393","63.436460719","7146.8177452","19827.721535","19743.541091","na","14229.048411","na","6361.3614234"
"Angola","AGO","2010","13068.161","91.905720341","Kwanza","89.817018184","77077.286453","5898.0974028","6069.6292081","5715.4118341","58.620766772","17.248456946","18.29487821","97.727342597","98.454635439","89.744058076","163.52092758","60.131794706","125.91461352","90.091335187","12.665404431","13.033746887","5108.1901714","4991.5520175","5107.5421841","60.189656569","17.033574556","18.695630463","113.47480354","6574.1044403","13715.366316","13403.89603","na","7864.768601","na","5208.1188257"
"Antigua and Barbuda","ATG","2010","86.754","2.7","East Caribbean Dollar","2.1251791653","1443.7425757","16641.798369","21424.082433","22906.728488","27.570417806","38.660260407","40.689786454","78.710339455","91.828143303","81.996786287","22.127744587","136.96302972","108.13711902","97.234554267","35.736118346","46.00545736","14472.069315","15553.278229","14485.519613","28.192815986","38.022884515","41.411479031","79.35193411","16685.832229","na","na","na","na","na","14472.114083"
"Argentina","ARG","2010","41343.201","3.8962951545","Argentine Peso","2.4045254758","599975.08577","14512.061748","14588.995514","14114.089243","68.055921298","5.3771215034","23.311720942","61.713124405","62.350072009","57.009347062","107.47320159","64.755070687","40.106668347","97.256283658","31.162783286","31.327988639","12337.59335","12396.615235","12340.330331","71.185259207","5.4095255896","24.268264006","47.781066581","14145.477724","27148.571409","27272.397489","na","33686.729148","18.299079836","12867.782519"
"Armenia","ARM","2010","2966.802","373.66046257","Armenian Dram","202.9273336","17610.248637","5935.7680887","6344.6293329","7769.6199946","93.744917881","7.0041042883","21.710771569","54.307949042","56.210802083","48.631825255","63.614972813","81.788275409","63.647416913","103.61370167","12.746297376","13.624274232","5411.6120268","5406.853724","5411.1576537","91.437320656","6.570728745","21.076147951","55.422259451","5942.7123649","11647.19432","11637.930368","na","14536.533251","na","5254.2517922"
"Australia","AUS","2010","21515.754","1.09016","Australian Dollar","1.2956482249","1069933.5997","49727.915633","49460.197253","48912.04921","61.15805687","5.9141305378","31.819551662","118.84936385","118.74327567","124.96950127","139.77281358","103.22332125","40.711986901","96.720818353","106.7842933","106.20940257","41107.48518","40994.073969","41113.58523","65.789791923","6.1190065318","34.067409629","47.86898556","45413.676863","77017.00114","76793.123828","na","79198.981322","46.778078192","44050.089636"
"Austria","AUT","2010","8214.16","0.755045","Euro","0.8189604942","349008.83378","42488.6822","42488.853365","40646.197303","66.060189744","6.6804196209","22.922591884","108.46512383","107.89616618","108.36801449","130.13087691","102.5384079","103.76944943","99.470600857","91.238972001","91.239339556","38585.630349","38654.499855","38585.513348","64.686397645","6.2916139772","22.339687499","104.67799955","41664.06485","75536.536895","75671.587628","na","78034.418769","46.910231375","37642.233616"
"Azerbaijan","AZE","2010","8303.512","0.8026458333","Azerbaijanian Manat","0.4867667462","89276.230029","10751.622931","10782.063869","7278.1638694","47.878034139","3.6771250578","15.94735199","60.645271668","60.527424079","58.539520078","81.904762596","61.956215192","72.898310272","93.443872321","23.087725314","23.153093307","9478.9994337","9176.2904085","9474.2585668","48.291792395","3.5672257268","16.009059435","111.11832059","10701.174305","18624.64901","18038.898439","na","17575.585893","na","9064.4805289"
"Bahamas","BHS","2010","310.426","1","Bahamian Dollar","0.8003416277","9622.8531179","30998.863233","31251.64836","34122.950518","72.564014509","9.7608666202","26.862801147","80.034162765","79.608230823","86.384943181","75.253646284","64.692314262","93.256812742","95.580866882","66.566065788","67.108889287","30113.746968","30272.760708","30111.018748","66.424418309","8.5936965228","24.473606765","89.488560649","34387.620873","52394.883474","52676.323675","na","na","na","27418.662594"
"Bahrain","BHR","2010","1180.08","0.376","Bahraini Dinar","0.2684887352","31734.46066","26891.787556","26434.474412","20875.001329","32.270418017","2.8847592376","43.813676081","71.406578513","76.867467585","91.299536398","165.97012804","48.534625769","142.28035741","89.658083455","57.746649811","56.764628741","23096.511678","22388.398715","23101.094181","33.412068092","2.8727214401","45.149056784","138.25558253","25769.680318","40982.245349","39717.895695","na","43150.763116","na","23428.171331"
"Bangladesh","BGD","2010","156118.464","69.649291667","Taka","29.399956068","234503.61572","1502.0876437","1536.3342942","1633.7866983","78.869545143","4.6262657327","22.847366155","42.211421487","41.773971642","41.414700579","36.241520207","46.313509788","43.643402555","109.30449935","3.2255397289","3.2990799996","1370.9790796","1371.467126","1371.0133545","76.842107827","4.3351655262","22.154721599","40.837714556","1660.2427226","2818.8005599","2819.7335131","na","4146.6151688","na","1332.016453"
"Barbados","BRB","2010","285.653","2","Barbados Dollar","0.9342241092","8483.12876","29697.320735","29735.605406","32118.449657","75.992317806","6.0224063858","25.998713634","46.71120546","47.346522992","49.219044157","78.35785958","32.264902622","99.340168861","97.260191068","63.771170928","63.853382326","28112.245293","28072.497217","28088.544704","71.386635537","5.4412973241","24.307444656","99.221103862","31050.333915","48348.20867","48320.586475","na","57971.370746","32.858550567","26307.105254"
"Belarus","BLR","2010","9612.632","2978.5316667","Belarussian Ruble","1115.4209122","144184.10955","14999.441313","16259.795667","18292.691396","77.87900396","5.5004020733","29.123184838","37.448684018","38.372290225","31.376814802","50.832284607","52.938593724","124.58660921","97.894587724","32.209368122","34.915816749","13504.33473","14055.761613","13503.14015","76.921503559","5.2252489854","28.62901887","97.802801148","14533.929748","28623.236807","29794.65433","na","29191.815723","na","13235.167237"
"Belgium","BEL","2010","10423.493","0.755045","Euro","0.8550907563","414432.6171","39759.475744","39598.175508","38524.728645","65.476242946","6.6022600884","25.210647668","113.2503038","113.30159504","118.37650564","148.63345786","90.714341111","157.31642105","101.77000632","85.37835269","85.03198121","35558.523643","35654.369639","35556.619913","65.103774297","6.3139366561","24.948626444","160.99783899","38812.887336","78703.357006","78919.722669","na","82752.855122","53.514449821","35223.044525"
"Belize","BLZ","2010","314.522","2","Belize Dollar","0.8517816108","3278.7285058","10424.480659","10688.611955","10468.387496","61.74271256","15.617031667","20.579890404","42.58908054","42.663031","47.557472374","30.102232789","37.043177914","113.87184012","88.690221271","22.385229424","22.952417359","9056.1174302","8958.3336547","9064.8857836","63.20094549","15.375227023","20.966268804","100.33863516","11145.818739","21587.828888","21334.077304","na","na","na","9203.2383756"
"Benin","BEN","2010","9056.01","495.27702157","CFA Franc BCEAO","277.89251164","11688.81048","1290.7241136","1310.5479064","1434.6006925","80.757231736","9.0022800566","19.706207501","56.108500806","55.690721181","55.714621423","51.768668686","59.915360534","39.758556338","100.27399791","2.771663774","2.8142328157","1176.7473682","1179.6339872","1176.8671075","78.769320441","8.4452667394","19.130175259","47.951558242","1518.2758518","2879.0522739","2885.8210852","na","na","na","1142.6920633"
"Bermuda","BMU","2010","68.265","1","Bermudian Dollar","1.6970411965","3544.4707461","51922.225828","53565.296594","61268.81336","80.849889927","15.804192659","17.727461541","169.70411965","170.54368268","176.17994989","117.48528757","191.78259137","96.861487392","121.41843095","111.49629179","115.02457462","45862.01968","45918.546248","45866.491215","81.396371574","15.303229954","17.762839291","93.953669648","50444.272962","na","na","na","na","na","45862.019664"
"Bhutan","BTN","2010","699.847","45.726632735","Ngultrum","20.723554291","3115.246641","4451.3252768","5448.6080926","5886.3395677","54.505783094","24.081877645","29.446161252","45.320534339","48.38397736","39.822533037","22.85935675","77.660173909","147.5871863","93.640428223","9.5586476508","11.700184036","3947.696116","3816.5755659","3946.3976745","54.652959927","23.224513531","29.38596873","124.98194951","4630.5098961","7865.3856717","7606.643133","na","na","na","3874.6071292"
"Bolivia","BOL","2010","9947.418","7.02","Boliviano","3.1268054255","44094.706667","4432.7791058","4635.9825423","4333.8526962","74.673031961","7.0754334316","11.734472833","44.541387828","44.851637601","41.669481003","39.479674148","64.554770826","75.511626274","95.622671751","9.5188221376","9.9551753426","3743.1514799","3779.9958606","3743.8442169","78.637185278","7.1664223614","12.29894843","61.810988996","4539.5013505","8111.2967578","8189.6217877","na","9905.4568681","na","3935.703862"
"Bosnia and Herzegovina","BIH","2010","4621.598","1.4767395685","Convertible Marks","0.827421648","30049.455814","6501.9622681","6545.2874113","7932.8601793","95.739153866","7.7703143561","17.690101496","56.030302541","56.615351448","52.556666234","82.974948598","64.147551797","95.02401237","101.67181907","13.962126444","14.055161609","5941.9285123","5910.4197779","5944.9329568","93.160560892","7.2722077134","17.132196872","78.250318473","6400.4686743","15113.606143","15025.864432","na","23993.469757","na","5762.1180067"
"Botswana","BWA","2010","2029.307","6.793621156","Pula","4.0086998109","21162.72208","10428.546336","10337.767058","11165.659612","46.101615243","11.537574029","50.369237986","59.006820057","62.749643277","70.728373177","102.47585163","38.829623724","86.120587022","98.616617387","22.393959942","22.199023135","9673.1139514","9449.7593092","9675.3513658","44.197642062","10.638554811","48.060530601","73.39483907","11678.511621","18730.026787","18293.314454","na","na","na","9222.8132686"
"Brazil","BRA","2010","201103.33","1.7592267106","Brazilian Real","1.8733558085","1961701.0198","9754.6918783","9715.6136923","9812.8068541","68.999225986","10.268823544","21.732331557","106.48745822","106.20139012","104.8987117","142.84007221","94.321801309","23.299656813","98.195557925","20.946944294","20.863028923","8324.7010638","8278.1851016","8324.3865592","71.897636667","10.291442773","22.538081252","32.645467746","9596.1877764","15974.629747","15885.968418","na","16484.603853","8.9541574452","8632.3748652"
"Brunei","BRN","2010","395.027","1.3633731942","Brunei Dollar","0.7180962889","24488.457888","61991.8585","63455.01937","36943.036165","23.746332719","21.098174158","13.374742808","52.670559457","52.908020372","56.295810328","41.889349353","58.598300772","104.42017546","100.48544435","133.11953088","136.26148037","44543.010808","44337.570368","44555.229757","29.388479922","25.113695491","16.474272155","101.85578389","51240.116176","91063.182803","90618.32466","na","na","na","54553.276784"
"Bulgaria","BGR","2010","7148.785","1.4773916667","Bulgarian Lev","0.7816144951","90165.039722","12612.638333","13149.328263","13388.739352","71.591830626","11.055143614","19.17373541","52.905029367","53.037438805","49.193051581","49.821808503","68.769588389","117.50014069","96.853655431","27.084016169","28.236488663","10588.961425","10576.512287","10589.647077","75.830082979","11.262313924","20.2127319","124.14424938","11377.223191","22726.791363","22698.602357","na","21566.89269","13.063508973","11156.585968"
"Burkina Faso","BFA","2010","16241.811","495.27702157","CFA Franc BCEAO","232.0329446","18676.927959","1149.9289063","1180.9151914","1334.9808499","72.257856151","16.742415932","24.046021133","46.84912372","46.934931727","43.270298467","49.817412591","56.269447731","46.1589217","99.926790208","2.4693242024","2.5358632583","929.68840606","933.51154758","929.9250864","79.477488637","17.711786423","26.323431926","50.493953055","1207.6595235","2029.9137536","2037.7425637","na","1990.5242058","na","1011.8873517"
"Burundi","BDI","2010","9863.117","1229.0833333","Burundi Franc","410.86855282","4449.8150418","451.15707761","470.98732833","546.54744041","82.641899149","22.873931628","10.52708748","33.428860491","34.520717616","36.125386248","20.745596523","43.795364084","29.137323046","100.28863529","0.96880171","1.0113846191","395.89122982","383.42137777","396.16912097","83.748622045","22.294789493","10.617587168","27.951686197","514.86924296","770.07318629","745.29413435","na","na","na","398.68504937"
"Cambodia","KHM","2010","14453.68","4174","Riel","1332.6122762","35474.2355","2454.3393447","2566.1732642","2573.337509","73.067007692","9.9431748831","17.268997514","31.926503982","31.828045569","34.472760285","13.705549919","31.666164772","131.79728839","94.85454683","5.2703775961","5.5105265326","1890.0383153","1860.8568239","1892.0508294","84.374421948","11.043322182","19.847089923","163.78332266","2259.7263228","3355.5563624","3300.2337241","na","3795.5058444","na","2172.5479389"
"Cameroon","CMR","2010","19294.149","495.27702157","CFA Franc BEAC","294.33976334","39666.297816","2055.8718509","2068.3955907","2168.9209628","79.423880218","7.5232394544","17.912945421","59.429319455","59.05751128","58.358376084","67.058200902","60.970440783","39.969115723","98.976109215","4.4147199802","4.4416130983","1747.9412302","1752.9798149","1748.1100731","83.070304314","7.5680634106","18.646697506","46.185609919","2194.5263301","4173.1904659","4184.8157981","na","4336.3061427","na","1822.63368"
"Canada","CAN","2010","33759.742","1.03016","Canadian Dollar","1.1274168973","1440818.391","42678.596033","42590.772589","43396.525005","69.913042041","6.9690220596","25.00978328","109.44095066","108.91641571","111.50401633","132.55207574","97.177210199","60.747548484","98.263334909","91.646787494","91.458197961","37110.403145","37235.432172","37103.559284","71.498698903","6.8548341999","25.455995747","67.9107279","40436.752724","68692.180588","68936.325258","na","73490.709348","42.892338359","37807.933984"
"Cape Verde","CPV","2010","508.659","83.258806856","Cape Verde Escudo","64.459025709","2099.219961","4126.9690715","4260.5311425","6179.8914133","68.649823609","13.755647677","62.644317265","77.420068991","77.275690158","75.361545134","63.48053139","84.431480036","95.376837285","95.589973472","8.8621344808","9.1489418239","3910.0559865","3731.1529607","3916.6140145","64.43371195","12.417665176","58.518829127","80.887406383","4701.023676","8648.9880245","8239.4377274","na","na","na","3691.8458014"
"Central African Republic","CAF","2010","4844.927","495.27702157","CFA Franc BEAC","300.29790722","3271.8309931","675.31068953","705.737956","776.97556647","88.168756326","12.751208229","9.1740951261","60.632311644","61.465276312","64.04243372","29.384594385","75.254204277","32.758792661","99.82706002","1.4501427181","1.5154813535","586.9823983","589.75130315","588.77881643","90.202536073","12.54701876","9.3413037499","37.376248949","741.10677568","1254.9377625","1257.0105448","na","na","na","595.29792715"
"Chad","TCD","2010","10543.464","495.27702157","CFA Franc BEAC","213.99233829","18647.006731","1768.5844738","1876.777525","1447.5681498","23.345561566","33.581027203","20.203925132","43.206595292","45.190045052","54.996309188","27.138516839","50.916085096","74.180391812","91.914893617","3.7978073438","4.0301379847","1331.7460601","1312.7193199","1330.639095","27.569837092","38.142488817","23.746841158","61.084728633","1732.5640148","3377.5436834","3332.0581543","na","na","na","1545.2603307"
"Chile","CHL","2010","16746.491","510.249","Chilean Peso","388.13850074","267287.399","15960.800326","15787.853868","14657.241014","60.310050709","3.7808567209","28.747809829","76.068449079","77.220983965","80.684580346","128.74795708","59.377290446","73.836291307","93.202561815","34.273762767","33.902382528","12526.564198","12451.206823","12524.777479","68.334162634","4.1202501064","32.418518838","82.589766577","14097.810466","26669.2033","26512.54816","na","29734.029638","14.08394734","14150.555782"
"China Version 1","CHN","2010","1330141.295","6.77027","Yuan Renminbi","3.6475374683","10807289.421","8124.9183537","8449.4496","8130.07397","34.791709023","16.608280716","44.820170804","53.875805075","54.239682161","57.220957037","33.941370836","58.452511936","49.213558707","100.43513631","17.447215583","18.144104631","7129.7392381","7174.238908","7129.5640441","35.257101749","16.187534219","45.204802455","76.195557932","7830.9852176","11929.474639","12004.226426","na","12580.750716","na","7164.6005012"
"China Version 2","CH2","2010","1330141.295","6.77027","Yuan Renminbi","3.3696864466","11698415.778","8794.8669977","10027.141277","9678.2664181","43.779221194","17.097380339","35.644093157","49.771817765","49.653427934","42.009989949","30.458899785","67.901418309","49.213558707","100.43513631","18.885843999","21.531994283","7746.0661986","7746.0661986","7746.0661985","44.201966462","16.603066539","35.818001581","76.796011131","8508.1401219","12961.030954","12961.030954","na","13583.50748","na","7776.3264272"
"Colombia","COL","2010","44205.293","1898.569636","Colombian Peso","1378.5408409","396760.82405","8975.4144158","8960.4027777","9156.739384","71.891512375","6.5795723484","23.720073544","72.609443168","72.745883215","69.919544524","108.10721639","70.916913802","33.704116091","95.863427691","19.273546323","19.241310764","7534.4775485","7555.1135042","7536.3511932","76.156061207","6.703624775","25.008238791","40.751736591","8723.0502274","15761.31116","15800.550125","na","19221.825821","9.8271093142","7953.2686722"
"Comoros","COM","2010","773.407","371.45795494","Comoro Franc","261.33663286","755.56230684","976.92716363","1028.4942528","1390.1397621","89.320042606","24.54822862","21.294347166","70.354297002","72.668470059","84.152952194","41.858222882","55.48091226","65.180130029","99.578596482","2.0978252446","2.2085589262","856.2020878","834.17242639","856.22102532","90.62756507","23.956133562","21.503836157","61.326460871","1088.9157298","2595.4759314","2528.6396752","na","na","na","866.24838538"
"Congo, Dem. Rep.","ZAR","2010","69851.289","903.16666667","Franc Congolais","602.44558726","19721.996332","282.34262552","296.17922562","320.2587421","73.21346497","13.759258385","21.15732575","66.70370038","67.118245186","66.211193725","45.442745367","83.657871424","145.65611227","93.052527889","0.6062944194","0.6360067358","240.46084045","237.08815238","240.54989839","76.444903489","13.81776423","21.986625053","112.04413236","310.09851271","628.03127719","618.99329887","na","658.65347701","na","248.97403581"
"Congo, Republic of","COG","2010","4125.916","495.27702157","CFA Franc BEAC","492.08017763","10844.773182","2628.4522473","2886.2666867","2430.2467491","38.557268367","8.9368915953","36.706193399","99.354534169","96.499905122","80.828910118","76.411668445","121.55485358","140.02789236","75.152376282","5.6442626267","6.1978859258","2253.734769","2363.3325459","2253.7503199","39.987940032","8.9144476748","37.888057901","116.12203873","2922.4780525","5381.080374","5642.7201663","na","na","na","2347.4950331"
"Costa Rica","CRI","2010","4516.22","524.3375","Costa Rican Colon","320.9581175","58634.162948","12983.017423","13135.762446","13466.26066","65.318679896","13.68934557","23.507993041","61.212123395","61.011731263","66.458704027","52.136229225","51.974633167","78.885345929","97.281187796","27.879357557","28.207357817","11502.853568","11516.752997","11500.087108","65.559092761","13.214885334","23.48287744","90.940197874","13145.727759","24423.221332","24458.615385","na","25983.47935","na","11477.391758"
"Cote d`Ivoire","CIV","2010","21058.798","495.27702157","CFA Franc BCEAO","370.77707798","30507.134222","1448.6645544","1463.7283429","1315.8451984","76.01190677","7.826130075","6.0587807449","74.862564147","76.833168986","67.647829109","113.82289534","110.43340292","87.635372656","95.656272023","3.1108205263","3.1431680715","1283.3609579","1287.2318793","1283.6705508","76.300278862","7.5557353253","6.0529900044","84.40702108","1606.3869813","3253.5492136","3262.5756397","na","3466.1699274","na","1283.3609579"
"Croatia","HRV","2010","4486.881","5.4980105833","Croatian Kuna","4.3540705794","76839.131083","17125.288387","17021.81198","17109.197042","65.443560184","8.6980666169","26.371744293","79.193564898","79.092819954","79.30146941","105.54801357","70.222164886","77.155274194","96.61186339","36.77435088","36.552148624","14672.203076","14711.677024","14674.82839","67.925832354","8.6831230877","27.24251067","83.833078437","15893.288287","32876.373367","32958.926252","na","42835.525059","na","15159.482533"
"Cuba","CUB","2010","11098.415","1","Cuban Peso","0.4537390589","141535.99774","12752.811797","14974.012377","14901.69148","67.809740663","28.402981076","3.3043021851","45.373905892","52.092417258","41.948595286","39.740366777","161.78328076","38.575955717","98.539419159","27.385020627","32.154762758","11508.674658","11618.935605","11510.84651","66.818728662","26.91877085","3.2406050492","29.686459051","12620.260444","24596.684864","24827.652534","na","na","na","11216.266479"
"Cyprus","CYP","2010","1102.677","0.755044952","Euro","0.7367215685","23527.967337","21337.134389","21253.827915","22429.700331","73.749068486","8.9891858118","22.794266337","97.573206277","97.552911324","97.732771749","139.70153786","80.34577361","91.551966731","97.436587461","45.818747637","45.639857715","18753.763745","18811.983495","18755.669641","74.61560737","8.7473936934","22.952974793","96.378584543","20446.494861","35396.411706","35502.689349","na","52930.700497","28.818799763","18892.063192"
"Czech Republic","CZE","2010","10201.707","19.0983","Czech Koruna","14.520356143","259996.17108","25485.555612","25673.219995","24855.443881","63.933473767","8.8867706392","23.994428184","76.029574063","75.647255844","72.720624072","90.423520293","79.492063116","132.52948093","93.266780337","54.726947848","55.129932938","23394.3811","23362.917953","23395.997359","61.935027546","8.2801304847","23.134422334","147.36364076","25200.191187","46700.107587","46634.078693","na","47154.346349","26.273599786","22552.428362"
"Denmark","DNK","2010","5515.575","5.62408","Danish Krone","8.2104491166","213709.25939","38746.505921","38774.636974","36725.93464","66.32157472","6.8918630339","21.502947766","145.9874169","145.37657049","152.57518696","174.90288391","116.52527413","95.386370721","102.33425736","83.203130476","83.26353829","33716.830793","34038.374289","33705.004351","67.774467668","6.7738113876","21.87003649","103.58763659","37038.618951","64299.531715","64935.506441","na","67218.477003","43.755573129","34337.429296"
"Djibouti","DJI","2010","740.528","177.721","Djibouti Franc","89.737870521","2077.9409954","2806.0262346","2894.3526664","3533.3422267","78.732513993","22.681208495","20.663392292","50.493678587","51.173817034","56.920795166","34.636183462","45.858517102","94.334209256","106.76789727","6.0255798908","6.2152495257","2411.716771","2441.5602553","2410.5474369","81.460117084","22.570557064","21.278095499","131.4873598","2933.4792708","7336.2729117","7430.6574884","na","na","na","2464.7054002"
"Dominica","DMA","2010","72.813","2.7","East Caribbean Dollar","2.1798571423","605.60976653","8317.3302368","8588.0678045","10297.881422","76.699737567","18.381825564","24.827613842","80.735449713","81.610638692","89.721889277","50.68099477","78.057439627","84.551290144","98.025114584","17.860395317","18.44176937","7349.7232921","7277.879261","7350.1494899","77.184895746","17.791487535","24.866441936","80.737706813","8323.9199753","na","na","na","na","na","7349.7232972"
"Dominican Republic","DOM","2010","9823.821","36.875463008","Dominican Peso","16.689201238","113959.73797","11600.34756","11905.743854","13287.118367","85.334191559","7.6044145251","18.663982802","45.258282547","44.641845802","47.84524088","30.10306983","39.952574057","56.270029344","96.5329413","24.910252129","25.566051332","10506.050741","10553.666642","10502.942652","83.7876622","7.181380758","18.239021796","51.708431805","12355.770331","23535.398952","23649.063226","na","27347.256166","na","10285.578309"
"Ecuador","ECU","2010","14790.608","1","US Dollar","0.542211387","108647.24614","7345.6916807","7368.5750411","7820.0860213","74.147187972","6.0106643942","25.969668595","54.2211387","53.85000282","54.072237776","62.432775557","52.69770627","70.6425856","98.18232527","15.773926676","15.823065745","6226.0785062","6239.9173107","6226.7726469","77.792598012","6.0652854757","27.117535675","65.016410673","7351.2300102","13144.547763","13172.295791","na","16406.878662","na","6509.2374292"
"Egypt","EGY","2010","80471.869","5.605","Egyptian Pound","2.8475762729","423728.77296","5265.5515303","5356.9648552","5610.9774024","78.319894875","8.5037808782","17.918049347","50.804215395","50.361764583","50.988963484","43.549997032","53.553766972","47.480523786","98.006023738","11.307093649","11.503391989","4852.6415026","4878.6396226","4853.8267559","75.572404802","7.8920237502","17.207671104","74.496420099","5805.632378","14527.473469","14601.738225","na","14478.556348","na","4665.0341408"
"El Salvador","SLV","2010","6052.064","1","US Dollar","0.5133844508","41323.28536","6827.9656924","7112.075158","8303.77844","89.090392541","13.539984665","14.125678593","51.338445078","51.383638478","55.813335178","27.756702008","48.309166545","69.814865943","97.430452821","14.662176805","15.272265286","6167.5370934","6140.2581143","6168.6192197","87.707335978","12.82060135","13.840589557","67.489243393","7323.5252433","14723.081316","14655.389852","na","na","na","6040.2818775"
"Equatorial Guinea","GNQ","2010","650.702","495.27702157","CFA Franc BEAC","830.77594711","7239.9123585","11126.31029","12648.298621","10232.212696","12.936753137","5.4553479823","62.50583624","167.73965093","154.84552125","100.71319611","108.42441716","184.25622261","153.91017481","64.399936284","23.892318154","27.160592045","13952.479241","14249.161736","13958.253667","9.1738273082","3.7207706799","44.114977438","135.66494879","17633.415187","26485.962654","27037.96439","na","na","na","9955.4026458"
"Eritrea","ERI","2010","5792.984","15.375","Nakfa","8.4792742976","4087.5234934","705.59896132","798.96054143","886.09404688","71.799199612","34.184952459","4.9217063445","55.149751529","64.803265128","67.115604284","23.92081973","137.88786081","23.34466563","99.059994163","1.5151828803","1.7156648476","586.78186469","574.54952163","587.9976076","76.776151745","35.158221165","5.2379657824","32.591954194","746.46570457","1190.0658067","1162.8478265","na","na","na","607.85600955"
"Estonia","EST","2010","1291.17","11.806799187","Kroon","9.0210902241","24657.754229","19097.21743","19234.385952","17907.49641","66.378350335","8.0513927288","18.671728721","76.405891902","76.014087035","73.820803962","88.298508868","80.410778002","152.91163354","95.013695488","41.008814493","41.303366224","17017.474514","16825.613549","17012.133036","66.241007019","7.7278139643","18.544931015","156.39584941","18413.778832","33081.206875","32718.507516","na","39434.974488","20.981601098","16884.159915"
"Ethiopia","ETH","2010","88013.491","14.236553571","Ethiopian Birr","5.2215403274","71573.531729","813.21091705","844.99218128","1004.1702066","94.372219917","7.8376852959","16.627905222","36.676997007","37.177473057","34.837884926","34.047352297","50.567472415","47.759253004","99.635710629","1.7462656936","1.8145118647","680.99177315","675.36099267","680.42875472","100.21459905","8.0049720495","17.57375569","46.203426355","884.82880349","1384.0291439","1373.7210399","na","1364.5511677","na","720.19243279"
"Fiji","FJI","2010","875.983","1.9133333333","Fiji Dollar","1.3903368697","4260.5852833","4863.7762186","4932.5916803","5603.2540787","84.352952751","11.336213762","17.907385601","72.665690055","71.998595975","74.490323488","63.061698546","70.417455534","107.44863822","96.848515963","10.44433292","10.59210526","4153.2702375","4163.2744862","4151.7438222","87.84340707","11.354344977","18.560141791","114.31603604","4862.3683199","9792.7080236","9819.9053728","na","na","na","4306.1933155"
"Finland","FIN","2010","5255.068","0.755045","Euro","0.934360212","191151.11892","36374.623301","36482.197438","36003.575715","66.760686623","7.2717741122","24.655606988","123.74894371","123.48075173","132.76229939","141.34101785","94.149565065","80.032362097","101.64977938","78.109818075","78.340819679","32991.910781","33263.199077","32988.84535","65.45416957","6.8571251912","24.058715875","85.384854956","35966.493352","65769.215442","66316.189097","na","72052.915518","42.63943727","32220.925462"
"France","FRA","2010","64768.389","0.755045","Euro","0.8472348868","2281305.4092","35222.512778","35250.283406","36082.294752","73.850405566","7.4103632038","21.099528129","112.20985329","111.44593358","112.82409659","132.32334173","102.92025905","53.272464038","101.908055","75.635809133","75.695442978","31299.299769","31377.405821","31299.27919","73.903343295","7.1324029658","21.014747004","55.007650662","34464.305213","68386.056679","68556.756209","na","76174.384669","52.95307226","31203.39703"
"Gabon","GAB","2010","1545.255","495.27702157","CFA Franc BEAC","403.43150536","23219.059185","15026.037246","15075.561993","8903.1139049","28.23582252","6.4806927076","24.340081861","81.455728368","81.084593876","80.602378494","86.810671448","81.194624854","82.787996541","86.545163114","32.266479463","32.372827477","9899.827192","9915.1217945","9895.8583784","38.11033602","8.4129622466","32.696750331","86.596676009","12538.72808","25340.407228","25389.735219","na","na","na","13206.029772"
"Gambia, The","GMB","2010","1755.456","26.945833333","Dalasi","10.369695803","2510.2860804","1429.9908858","1516.8366127","1731.7009593","83.786470641","7.1039544963","23.27486761","38.483485274","38.749435612","35.978750506","29.60394949","51.804523588","35.756874126","96.236869837","3.0707212283","3.25721124","1271.1050807","1267.9570346","1271.46968","83.820683726","6.8353797798","23.174199613","33.320597877","1593.7924313","2925.9142961","2917.8309735","na","na","na","1265.7258396"
"Georgia","GEO","2010","4600.825","1.7823416667","Lari","0.7825573662","26306.346197","5717.7454472","5946.8867268","6931.0325926","86.122204365","17.269426908","13.157294427","43.906136565","45.075219771","41.375106822","42.682020963","65.822409406","87.958288323","98.090085405","12.278121837","12.770173219","5102.8714026","4836.7274047","5100.6377324","85.812551978","16.550029876","13.047956359","76.709171358","5539.1724302","9550.5026684","9056.3534225","na","13395.44506","na","5102.8714028"
"Germany","GER","2010","81644.454","0.755045","Euro","0.7923027519","3126077.7448","38288.917271","38310.787494","36205.633178","67.774404561","5.9339055537","20.796751115","104.93450747","104.37477389","108.48852242","125.87488074","87.509606042","88.184350775","101.85521641","82.220517793","82.26748128","34085.346088","34044.277499","34089.096096","67.701232586","5.7010739032","20.676002753","89.915151949","36469.916037","66826.374821","66738.514927","na","68540.587582","48.689306633","33927.683531"
"Ghana","GHA","2010","24339.838","1.4216666667","Cedi","0.7885807642","55698.797121","2288.3799441","2310.0065831","2596.824336","82.271774787","7.4379272417","22.706615524","55.468752466","54.842449159","57.043919538","52.389382851","50.711164611","74.040935273","98.347184637","4.9140011607","4.9604415823","2093.4354719","2097.2062025","2094.2783028","79.973279842","6.9539432707","21.967805252","87.089742666","2566.6684433","4927.9294698","4934.8189473","na","4574.1558854","na","2027.3408536"
"Greece","GRC","2010","10749.943","0.755045","Euro","0.743644099","305680.97496","28435.590306","28496.27873","31042.670363","80.113709294","9.8530589229","18.969106035","98.49003689","97.63401764","99.867689727","114.45671312","84.073081698","51.882848469","97.273523243","61.061767357","61.192087929","25225.515906","25470.932202","25216.395596","80.307206433","9.4995697269","18.924951047","53.025398048","27153.250847","56790.601223","57363.85075","na","57724.642519","28.619997956","25159.955098"
"Grenada","GRD","2010","107.818","2.7","East Caribbean Dollar","1.1813817201","1796.628678","16663.53186","17153.383481","21986.773817","95.516601608","15.341558088","17.319315265","43.754878521","43.719857709","46.82752363","29.412481854","41.547715376","71.94128666","93.434418571","35.782788217","36.834681476","14659.739821","14854.135541","14656.761469","96.548413813","14.914919921","17.423573058","71.703799796","16830.911626","na","na","na","na","na","14659.73982"
"Guatemala","GTM","2010","13550.44","8.0577708333","Quetzal","3.4756245838","95818.216457","7071.2254699","7406.94812","8155.0969446","80.312570264","14.131856932","15.656208213","43.133822688","43.471051148","47.324755213","20.575436932","43.546446089","61.077922059","97.06994404","15.184545843","15.905466989","6089.8007554","6001.2730254","6091.2158701","82.927889677","14.03464711","16.089550054","58.332378135","7554.5740996","15423.988321","15196.237833","na","18597.025691","na","6249.2389303"
"Guinea","GIN","2010","10324.025","6330","Guinea Franc","2662.5537543","10143.835765","982.54660999","1101.0985292","1157.7912944","53.215793771","12.834847418","39.098104694","42.062460574","46.624941509","63.75839318","25.397476123","19.344797291","72.038266608","90.729906335","2.1098922818","2.3644672574","786.35424584","797.72617331","787.70034523","59.12905761","13.716278645","43.237078374","107.00301737","1001.3270466","1921.4616743","1945.917985","na","na","na","859.22274116"
"Guinea-Bissau","GNB","2010","1565.126","495.27702157","CFA Franc BCEAO","268.57231827","1417.9703536","905.97840273","918.74305531","1027.9576528","93.133638418","8.8957837203","9.8579708442","54.226686597","53.346355051","55.059324743","58.317039558","42.513970896","50.38587022","99.89029605","1.9454719196","1.9728823668","799.29144675","793.24842959","798.41213497","93.873873025","8.6239763796","9.889308337","52.29896573","1001.8006622","1865.6618295","1853.5957202","na","na","na","803.36101359"
"Guyana","GUY","2010","748.486","200.5","Guyana Dollar","119.48154795","3793.1849417","5067.8101417","5234.9092221","6629.7218237","82.107806832","17.258988189","27.277651757","59.59179449","60.232083819","66.476568642","36.063962542","56.319855305","129.70186606","100.56252065","10.882469488","11.241293239","4481.2709489","4472.4673422","4477.5515327","82.571290515","16.693412619","27.301834077","123.86374988","5351.6363037","11205.381044","11192.657507","na","na","na","4481.2709489"
"Haiti","HTI","2010","9648.924","39.965","Gourde","17.792360249","14369.335719","1489.2163851","1539.1534902","2225.9493607","118.24549076","14.117117057","12.259054344","44.519855496","44.639499546","47.14065852","26.936868748","45.372662516","71.539287583","101.46872242","3.1979003591","3.3051338599","1411.0409648","1427.619586","1410.0119165","110.97579352","12.743093307","11.450932727","64.316593456","1725.0863372","3386.3513661","3428.6387787","na","na","na","1329.6139671"
"Honduras","HND","2010","7989.415","18.8951","Lempira","9.576215893","30386.802184","3803.3826236","3970.4292249","4739.9916164","75.040542403","21.769829398","22.571975746","50.680948463","51.94405564","57.720575662","28.677941275","51.542430313","108.48025212","96.102748035","8.1672742655","8.5259853242","3578.2902992","3550.3802832","3579.5852021","70.92770355","19.790653548","21.233898214","102.8658582","4402.62671","9099.4450783","9025.2050363","na","na","na","3352.8310316"
"Hong Kong","HKG","2010","7089.705","7.7691666667","Hong Kong Dollar","5.8661819886","297273.08212","41930.247043","41464.560069","39165.844544","59.31808329","3.0537576897","32.084351197","75.505935711","77.281047159","83.068679821","133.91053937","55.806500025","440.30913067","102.09695973","90.039804435","89.039801644","38688.131221","38424.059921","38684.720366","57.169219854","2.830706917","30.775749601","398.17580118","41126.025706","73968.821492","73470.414221","na","78055.945486","33.306959767","37147.478963"
"Hungary","HUN","2010","9992.339","207.944","Forint","145.79577284","183459.7909","18360.04472","18465.121065","17267.806033","67.513760625","8.6621819746","17.339859285","70.112998136","69.897896708","66.921833828","86.240400226","74.412334147","166.58881064","95.134019564","39.425831055","39.651468971","16556.195959","16531.44602","16556.757384","66.578033523","8.2158243053","17.018624447","186.13633512","17867.325726","38902.155508","38842.683319","na","41228.925472","21.176929372","16246.797079"
"Iceland","ISL","2010","308.91","122.242","Iceland Krona","124.08928617","12387.096202","40099.369403","40381.187912","36319.011733","65.75757564","8.2952097475","15.887638883","101.51117142","100.55470388","105.50917451","108.09000651","81.687002307","102.02925016","82.50453525","86.10823054","86.713399486","35648.495258","37861.261677","35612.065487","65.776024431","7.9805785327","15.816901482","77.113682539","39776.024587","62589.276794","66542.306785","na","69908.68108","41.171892544","35683.937648"
"India","IND","2010","1173108.018","45.7258","Indian Rupee","16.838710791","4687277.84","3995.6063449","4147.5194279","4277.2893065","59.692542405","11.95710821","31.479204618","36.825404456","36.696107659","37.440651199","24.184765625","40.586002392","46.218091366","98.971872839","8.5800499463","8.9062637239","3476.7773277","3491.3004147","3477.3087812","61.003026388","11.752835034","32.018079382","44.538706563","4092.7340614","9010.2149828","9046.4693491","na","8755.2696846","na","3532.3572928"
"Indonesia","IDN","2010","242968.342","9090.43","Rupiah","6123.4302757","1047702.025","4312.0927459","4831.2762896","4761.4451774","67.116995684","10.020686078","21.416921453","67.361282973","68.067343111","59.93993876","41.115702211","102.29771737","47.644571174","97.18829594","9.2596637255","10.374543509","3965.7984207","3954.8130743","3966.039158","64.895630058","9.3189198906","20.610105314","61.648808994","4604.399997","8064.7614784","8041.9337443","na","8880.0869126","na","3820.6398081"
"Iran","IRN","2010","76923.3","10254.17647","Iranian Rial","4887.1463612","811309.23659","10546.989489","11042.436384","10430.842123","55.220270075","10.67238388","28.568765251","47.660057103","47.320660408","47.342881968","30.234850813","54.417474357","44.401791297","99.356231667","22.648301357","23.712209743","9429.3744158","9498.3510807","9432.0572333","54.924946951","10.209811741","28.281524244","52.4822055","10739.929558","27630.552647","27824.75584","na","24176.260966","na","9327.5125607"
"Iraq","IRQ","2010","29671.605","1170","Iraqi Dinar","788.35324937","153348.66602","5168.1958567","5168.6554588","5257.8984623","43.407511391","34.097437974","24.22166995","67.380619604","68.150815744","71.302739528","62.218118043","67.674526316","131.73257211","97.490273106","11.09803488","11.099021816","4532.0460864","4483.8651925","4536.5236064","44.018477905","33.25653956","24.446373194","129.83785754","5615.2254889","19278.02013","19054.247468","na","17734.440293","na","4532.0460864"
"Ireland","IRL","2010","4622.917","0.755045","Euro","0.8831458392","176424.50149","38163.025963","38532.261702","31210.029863","59.983867782","4.8052680422","16.208003933","116.96598735","116.48688748","124.17814315","149.84049408","79.768534286","183.28510827","82.889473705","81.950182425","82.743068614","34902.26239","35656.637635","34876.739158","58.324251866","4.4938389613","15.684997952","172.37196429","39066.841525","72446.142033","74066.151162","na","89197.876777","49.450462212","34078.877197"
"Israel","ISR","2010","7353.985","3.73898","New Israeli Sheqel","3.7699648222","215657.57932","29325.267773","29376.051031","28804.588657","67.080077117","9.4570900424","21.517498617","100.82869719","100.57811643","105.81199947","124.70002188","74.808714998","71.79121448","97.10929976","62.972235116","63.081285622","26037.841482","25994.355782","26034.560064","67.182482587","9.1097234989","21.448380263","83.171493098","30231.549625","62451.934443","62355.492052","na","59257.897697","30.71901243","25955.80271"
"Italy","ITA","2010","60748.965","0.755045","Euro","0.8060015725","1930552.7998","31779.188334","31753.731959","32362.869543","69.679391765","7.2568839298","24.982042394","106.74881265","106.34413445","111.68395112","126.69280589","87.152800504","55.223998081","99.49817347","68.241713427","68.187049142","28380.923754","28495.371022","28377.459153","69.381887779","6.9498769325","24.757678797","55.440689846","30533.361818","68233.30173","68516.819576","na","70203.802336","39.484457906","28149.781807"
"Jamaica","JAM","2010","2847.232","87.5475","Jamaican Dollar","42.803284401","27564.167835","9681.0403349","9989.3242343","11496.81244","80.353203294","15.609764502","19.128025052","48.891498216","48.988398489","53.289502154","31.338158097","46.048232042","75.198493824","96.179379715","20.788787092","21.450787055","8542.3850426","8590.0654548","8538.6388428","80.978843195","15.130382288","19.185747641","73.716731465","10089.716941","18861.589651","18975.18945","na","20606.952795","10.457001475","8542.3850426"
"Japan","JPN","2010","126804.433","87.7799","Yen","109.13886941","4394412.4892","34655.038355","34656.945102","34257.817865","67.444231391","7.6878224879","23.716294596","124.33241483","123.63151243","128.99902169","140.26634397","105.9301485","29.25991362","102.54414318","74.417230907","74.421325399","31453.080503","31766.005003","31447.229019","66.080526468","7.244646646","23.126810564","29.30533601","33673.487677","60642.569009","61257.293905","na","64403.783785","37.128892619","30693.244568"
"Jordan","JOR","2010","6407.085","0.71","Jordanian Dinar","0.5223126377","37095.837126","5789.8150447","5796.5707773","7022.2167781","84.902565699","7.6780873675","28.563676019","73.565160236","73.008782764","73.929163934","85.329133511","68.972171951","110.2084161","99.655154389","12.432882015","12.44738908","4469.0709038","4729.7027605","4462.9463393","97.812362178","8.5076802391","32.751202724","129.88369567","5430.4947655","17377.033424","18415.682535","na","16238.537827","na","5106.8205278"
"Kazakhstan","KAZ","2010","15460.484","147.355","Tenge","87.662390452","237775.76784","15379.58112","15700.991766","13322.787678","57.108008571","4.5969519265","23.148199591","59.490611416","59.35240301","54.100185236","82.344958644","67.529326555","76.579607432","87.626006296","33.025669392","33.715857351","12304.921952","12297.950152","12303.188268","63.472871634","4.9141257919","25.606402713","69.579761574","13982.048908","22851.0939","22841.364985","na","23430.885264","na","13587.257766"
"Kenya","KEN","2010","40046.566","78.539166667","Kenyan Shilling","44.883501045","58778.523227","1467.7543944","1471.1947843","1618.0977996","85.97381875","5.9954932842","18.015974541","57.147921159","57.115692533","55.331680334","77.210052211","59.195092524","63.229242528","99.510301388","3.1518134986","3.1592012928","1246.2956444","1255.5720836","1246.7613288","90.037622128","6.0390398652","18.778278719","69.403956974","1585.0435801","3267.9809953","3291.0755352","na","2622.0000816","na","1302.2641957"
"Kiribati","KIR","2010","99.482","1.0901544864","Australian Dollar","0.3823208817","416.7403943","4189.1034991","4340.0036843","9827.1573402","115.15779343","52.314404999","58.959806125","35.070339709","39.331574054","46.394309357","23.897959633","35.041827498","183.35717035","143.11024458","8.9955601603","9.3195988704","3664.6666677","3663.9508105","3664.6675678","117.05916838","51.146811658","59.649714388","159.58445576","4430.8540886","na","na","na","na","na","3664.6666818"
"Korea, Republic of","KOR","2010","48636.068","1156.06","Won","835.65875357","1399173.2626","28768.223258","28384.809335","27586.77122","55.878218522","6.2652094382","35.045074856","72.285067693","72.91006723","76.599589561","100.9172188","60.314786283","102.30539658","100.12598071","61.776053774","60.952721763","26613.769748","26831.864825","26609.145227","53.712415599","5.7923247429","33.527359135","92.057085265","28903.53061","54314.997151","54769.615825","na","54795.864988","24.866457214","25475.262591"
"Kuwait","KWT","2010","2543.172","0.2866065917","Kuwaiti Dinar","0.2864504192","124398.49135","48914.698395","51946.523507","35207.510155","44.768717676","8.6163473084","14.391386216","99.945509829","98.681268435","80.812063674","126.72807844","132.56617066","86.361340293","106.28717794","105.03801404","111.54846793","41244.182496","45667.280546","41239.924123","47.214655198","8.739982036","15.105844781","78.484394819","47397.009137","83085.191892","92004.892056","na","42147.408496","na","45277.121179"
"Kyrgyzstan","KGZ","2010","5508.626","45.964261401","Som","16.593262452","12766.25381","2317.5023699","2625.7426371","3282.7509571","101.6056179","10.209381719","13.206809861","36.100356987","40.073648128","32.671112979","39.201686921","77.711710712","147.14587568","92.826741145","4.9765378189","5.6384440877","2081.1447667","2164.3068347","2081.5286549","100.61462301","9.7236205149","13.016119594","105.78552558","2440.9084822","4481.3588162","4659.5733823","na","5264.2000024","na","1989.8377006"
"Laos","LAO","2010","6368.162","8270.0833333","Kip","2669.397552","19410.432813","3048.0431894","3410.2481555","3549.1360354","53.116632648","22.847995027","28.108034301","32.277758814","34.267607388","35.741363559","10.684176317","44.16344446","63.423280108","93.48111836","6.5452801269","7.3230686353","2620.0617059","2534.4402245","2623.7150949","54.949737118","22.733607417","28.940483401","63.936656124","3224.9906442","5136.2678037","4961.5004886","na","na","na","2681.5845532"
"Latvia","LVA","2010","2217.969","0.530475","Latvian Lats","0.4052814181","31431.825962","14171.44512","14551.943003","14753.094887","75.753678496","9.1342594508","16.494364634","76.399720652","76.67742531","70.978732886","84.657305683","96.919610217","109.02395725","102.1110739","30.431352953","31.248423145","12425.17102","12139.245338","12418.934886","76.831794707","8.91037067","16.649955021","109.43652967","13309.926286","24065.307827","23523.327766","na","28873.426104","14.929333011","12552.187662"
"Lebanon","LBN","2010","4125.247","1507.5","Lebanese Pound","1002.1855694","59173.695785","14344.279454","14193.279741","17734.956426","82.872502903","5.8933731153","36.187318373","66.479971437","67.368549345","67.324912273","117.09656989","56.425392917","67.778448319","98.695337071","30.802492422","30.47823999","12701.539349","12655.912897","12699.956813","83.22586591","5.6924205879","36.169665316","68.341201468","14385.875205","36942.182662","36814.065818","na","na","na","12821.924939"
"Lesotho","LSO","2010","1919.552","7.3212219612","Loti","4.7302641855","3216.551404","1675.6781811","1680.509156","2824.4059342","125.99391363","10.647351675","31.427199193","64.610309735","66.170371361","60.78187516","117.68884187","65.768224167","160.73308816","124.39282401","3.5983030477","3.6086769439","1393.4708898","1410.0564968","1394.7382644","134.73107276","10.950778044","33.447533836","180.93371423","1677.7230064","3385.2492023","3422.4289625","na","na","na","1476.5527636"
"Liberia","LBR","2010","3685.076","1","US Dollar","0.4801451484","1818.2001899","493.39557445","491.2249764","1157.7064002","212.13117304","7.7869379032","15.759319113","48.01451484","50.185678174","46.92990988","85.443982521","60.911029415","200.34716151","81.840267234","1.0595034412","1.0548423615","459.24799896","430.66398714","458.73615675","202.66462895","7.1552588926","14.984806392","177.09816527","589.36383826","1333.011424","1251.4383406","na","na","na","459.24799918"
"Libya","LBY","2010","6461.454","1.2616666667","Libyan Dinar","0.7003504726","129606.95224","20058.480992","20993.169446","12569.727648","34.923576758","13.263630285","11.688114212","55.50994499","55.213138519","64.882210314","32.605187294","45.684788992","95.531211516","100.84244124","43.07300417","45.080127228","19490.819123","19534.373913","19491.103579","31.960396144","11.674573436","10.645795175","95.674029669","23325.720057","52063.860378","52179.442372","na","na","na","17773.357865"
"Lithuania","LTU","2010","3545.319","2.6063333333","Lithuanian Litas","1.7159752285","55405.380229","15627.755987","15661.951644","15863.400766","75.951281658","8.4362426139","16.898708295","65.838671001","65.432163901","64.871497078","78.247623524","63.970744676","137.78600117","99.191200698","33.558592951","33.632023718","14136.059126","14099.678373","14136.101824","74.667027551","7.9767869547","16.534363724","137.44765283","15195.496982","28532.757112","28459.238861","na","37229.356989","19.777143554","13847.911459"
"Luxembourg","LUX","2010","497.538","0.755045","Euro","0.8656201681","46518.093597","93496.564276","92297.001264","63550.760703","41.180936411","4.0126667214","23.661029014","114.64484476","116.29593604","121.91714953","181.31388188","90.472040268","298.78784116","71.109770059","200.77182837","198.19592132","75589.759562","75807.110614","75588.115877","45.29543067","4.2449877564","25.90192405","309.27924066","82947.859652","101180.47166","101473.61286","na","105178.24373","69.942250662","82960.059156"
"Macao","MAC","2010","567.957","8.0022153333","Pataca","6.2314580301","34902.504956","61452.724336","61637.500645","27206.079518","24.271240653","6.2445201781","13.623081974","77.871661415","77.677156412","82.220910851","71.525911287","72.871532043","158.00522823","89.220564815","131.9618097","132.35859303","54785.259275","55285.54121","54790.361953","24.210005229","5.9908322143","13.524415313","170.99824087","59398.315514","88373.909711","89172.607245","na","na","na","54956.831079"
"Macedonia","MKD","2010","2072.086","46.48555","Denar","23.76064063","17876.706551","8627.3960398","8706.518166","10324.266708","88.680461409","8.790605223","21.109823126","51.114035717","51.094540355","48.775507803","62.698523541","56.50923237","113.90519868","98.647235333","18.526221689","18.696126263","7626.390178","7658.4964462","7628.467096","89.210124501","8.5053101388","21.135426587","104.84039323","8420.8338617","16619.666137","16685.089212","na","28423.899816","na","7645.8341747"
"Madagascar","MDG","2010","21281.844","2089.95","Malagasy Ariary","1052.1269136","17359.516005","815.69604614","816.22067372","935.28183025","89.518448555","5.5799215988","19.488513071","50.34220501","50.148741171","49.683264676","66.595501074","48.594696044","67.491845484","98.933505764","1.7516021882","1.7527287583","702.34963089","713.33290254","702.58091223","92.451302225","5.5426028295","20.03177404","85.411624657","896.75603708","1434.0533541","1455.9994781","na","1492.5263535","na","726.40759026"
"Malawi","MWI","2010","15447.5","150.2275","Kwacha","63.780366252","12529.046379","811.07275476","883.21031445","1041.1478528","58.354043384","17.399846725","42.128321605","42.455852792","47.057146778","63.290218291","23.748251389","25.053397612","68.313490686","97.499539273","1.7416742655","1.8965803828","654.90877526","604.31222481","655.60876854","64.265138015","18.430413944","46.176272229","87.784442003","847.38430207","1456.2948388","1342.3505241","na","1508.2383225","na","707.24077977"
"Malaysia","MYS","2010","28274.729","3.2210869147","Malaysian Ringgit","1.9360407472","395635.26806","13992.539701","13874.521984","11398.450083","49.914900183","5.4495190921","26.789402645","60.105200464","60.496439628","64.653903838","78.10001465","48.048667243","176.79596745","96.538527704","30.04717661","29.793748766","11961.504522","11935.3496","11956.050568","51.923795798","5.452297956","27.735722153","195.01355831","14056.609079","28367.987756","28318.8708","na","30322.279321","na","12382.593692"
"Maldives","MDV","2010","395.65","12.8","Rufiyaa","10.03540194","1887.4181735","4770.4237925","5751.1950016","6702.1523523","44.029961843","38.863480451","33.641510014","78.401577657","85.674610588","72.213633667","49.476548052","132.14742449","174.78215357","95.581915835","10.24387061","12.349950447","4005.0488222","3988.9475457","4003.5272406","46.636177247","39.59145869","35.464213938","183.45308681","4494.7583783","8292.8969939","8262.6966481","na","na","na","4046.086489"
"Mali","MLI","2010","13796.354","495.27702157","CFA Franc BCEAO","286.91508705","15887.766819","1151.5917045","1169.7560483","1186.9240631","64.833045063","15.514368561","21.120244076","57.930223806","57.72089494","58.263161524","51.439666774","61.724712528","46.970893551","95.553590778","2.4728948474","2.511900436","997.69738872","999.75416909","997.96992608","66.54594542","15.315968349","21.575672157","39.043692359","1308.4624382","3570.0232707","3576.4060172","na","3279.3604864","na","1017.0492503"
"Malta","MLT","2010","406.771","0.755044952","Euro","0.6213833779","9919.1581541","24385.116329","24530.005165","23697.418477","75.670068324","8.7133318191","12.222443669","82.297534245","82.397167234","78.129765445","102.71539346","93.381070003","172.95249529","91.782533219","52.363896237","52.67502635","21851.198168","21980.529718","21850.392449","75.0929541","8.3165746994","12.071836082","171.58408672","23738.584855","50194.727809","50493.679179","na","53539.173975","29.213340183","21609.651004"
"Marshall Islands","MHL","2010","65.859","1","US Dollar","0.3203117674","517.81416695","7862.4662833","7960.4763292","15518.091637","87.744534986","45.715779798","61.478919943","32.03117674","33.995996595","39.836110911","25.296662527","29.588144393","126.89550458","121.20252702","16.883633569","17.094097518","6896.3761797","6895.2322091","6896.3680903","88.957673631","44.577391199","62.034000826","118.87285935","8536.6445707","na","na","na","na","na","6896.3761549"
"Mauritania","MRT","2010","3205.06","272.66","Ouguiya","126.00498106","8357.9132537","2607.7244275","2613.4392087","2842.8819527","59.278805568","21.326740331","28.173795253","46.213225649","46.443820401","51.024070405","42.584643986","38.941316707","123.79195554","98.103304652","5.5997523037","5.6120240602","1939.3881856","1940.4286282","1938.5754621","70.879701705","24.526303283","33.528028192","125.78759374","2433.7362124","6005.446423","6011.1872826","na","na","na","2297.540624"
"Mauritius","MUS","2010","1294.104","30.7844","Mauritius Rupee","22.277657648","13443.469001","10388.244686","10364.057336","11654.514455","78.639592942","6.6315484221","27.180132084","72.366710567","72.06448993","72.477876217","93.225176514","66.740608918","112.08091115","101.22253104","22.307417339","22.255478121","10163.742033","10138.031853","10164.053757","71.475183824","5.7971447639","24.587015162","113.29899505","11430.53273","21871.986318","21815.989886","na","na","na","9211.2444941"
"Mexico","MEX","2010","112468.855","12.636","Mexican Peso","8.6352441331","1510460.3644","13430.03238","13499.946998","13664.513396","76.328561074","3.5219200592","21.368534007","68.338430936","69.158429932","64.068211481","118.7692824","75.347089068","62.01068542","98.854508199","28.839264596","28.989397232","11939.770303","11945.373657","11939.397685","76.347294277","3.3882172214","21.27264661","62.316917914","13893.354958","27625.466052","27639.2933","na","30662.820987","14.764514492","11914.186767"
"Micronesia, Fed. Sts.","FSM","2010","107.154","1","US Dollar","0.6752775935","440.48764076","4110.7904582","4276.7188103","6420.0992732","66.825107993","49.516536493","33.775759955","67.527759345","74.208035261","90.674992184","47.159580716","65.948582606","91.291061317","104.78626986","8.8273929927","9.1837027552","3591.8374367","3591.4698845","3591.8386164","68.010164251","48.469617269","34.212082125","80.765147031","4332.4764183","na","na","na","na","na","3591.8374584"
"Moldova","MDA","2010","4317.483","12.369260961","Moldovan Leu","5.7278836591","12543.760362","2905.3409966","2977.2719231","4037.2538141","113.27172938","5.7496030295","16.581122397","46.307404112","49.03737303","42.373117115","91.256279353","66.066197426","117.82159857","108.58037143","6.2388455493","6.3933079486","2643.6350644","2611.1692888","2643.4822257","110.69872715","5.4043582842","16.127804237","117.92261871","2896.4863136","7737.2987633","7642.7209204","na","9859.7857395","na","2618.5188514"
"Mongolia","MNG","2010","3086.918","1358.93","Tugrik","557.89526616","14652.154645","4746.5318628","4889.0595113","5464.5050004","48.693941525","14.375350567","48.700773047","41.054010593","42.938798289","53.448716786","19.003558306","35.936961489","109.63678571","90.967010149","10.192565768","10.498625534","3522.5642376","3632.5064773","3522.9544069","58.346914697","16.567103559","58.078988381","114.59351254","4090.294058","8206.3026365","8461.4911346","na","na","na","4183.7115154"
"Montenegro","MNE","2010","666.73","0.755044952","Euro","0.5258854637","5902.2357802","8852.5126816","8839.9943125","11363.311621","90.850178936","13.705688084","23.988464787","69.649556929","69.394914441","66.859971578","93.4765421","66.181198305","97.822094784","99.299640606","19.00963068","18.982749095","7314.9052976","7256.7512174","7312.6784896","97.770789919","14.186307102","25.693662425","120.10098143","7937.8756375","na","na","na","na","na","7854.7653408"
"Morocco","MAR","2010","31627.428","8.3727688172","Moroccan Dirham","5.8548809553","130738.95197","4133.7206418","4070.4486622","4455.6058058","62.525470538","5.4181120481","41.518694808","69.927655751","71.89111441","72.519822039","137.96385452","57.342059175","75.827246587","97.547958791","8.8766326082","8.7407641822","3621.1365196","3567.250555","3622.4218889","63.471488194","5.2899902412","41.947455976","74.161838238","4218.0349919","10165.037539","10010.21883","na","9368.9896024","na","3671.7834722"
"Mozambique","MOZ","2010","22417.453","33.961666667","Metical","16.7375672","19342.715549","862.84180226","874.93689597","1036.5301907","89.430289494","9.1741526065","19.864694982","49.283703783","49.061994151","48.204946407","49.602994805","54.4260686","79.760216753","99.108157846","1.8528416266","1.8788142823","781.18187686","793.24705643","781.25691033","87.839355774","8.6667374787","19.418989561","75.31645407","1015.1788604","1649.6909973","1675.0092195","na","1586.217914","na","764.06357525"
"Namibia","NAM","2010","2128.471","7.3212219612","Namibian Dollar","6.7395685944","12901.830951","6061.5488539","6027.5068186","6305.9286306","63.570225329","8.8230551721","32.225906509","92.055242009","93.677116192","91.167546332","164.94596275","74.006836319","90.369420965","96.18937786","13.016395368","12.943294482","4807.1161897","4799.877961","4810.4070151","71.281729532","9.5154350452","35.964153497","94.151652447","5833.6802685","11820.912028","11795.03833","na","na","na","5366.5930237"
"Nepal","NPL","2010","28951.852","73.154755687","Nepalese Rupee","30.634942584","38253.866374","1321.2925506","1395.8852263","1757.187945","86.641694182","11.703491523","27.538225896","41.876898223","42.355027403","41.173280368","26.561631553","53.296326932","47.216284596","100.76377318","2.837305555","2.9974837178","1144.8682957","1149.5792081","1145.2387696","88.919268397","11.552329462","28.128406201","48.505568274","1393.3088575","2139.0860266","2147.1931319","na","na","na","1162.3692242"
"Netherlands","NLD","2010","16783.092","0.755045","Euro","0.8240391544","714060.72985","42546.43482","42593.817959","39397.014829","62.289898039","10.342048439","19.862731663","109.13775396","108.44274451","109.49701381","119.91080397","102.61882095","148.63038609","99.151957635","91.362988313","91.464737501","38189.654039","38225.626372","38190.633558","61.71071203","9.8545019834","19.584935019","145.71332491","41855.923274","72177.941391","72244.075653","na","74220.158283","53.743638156","37635.142953"
"New Zealand","NZL","2010","4252.277","1.38743","New Zealand Dollar","1.4483481914","135944.05591","31969.708443","32219.764991","31734.326688","70.638950787","8.029902758","19.824498896","104.39072179","103.49313203","104.45070108","105.98133016","103.53942319","55.158521517","96.787566337","68.65083082","69.187795048","27788.349082","27765.612422","27789.631399","72.267936947","7.9012695751","20.185701997","56.677364124","30957.691391","51829.675986","51784.878855","na","53911.906436","31.720948593","28312.25437"
"Nicaragua","NIC","2010","5604.452","21.356448683","Cordoba Oro","9.6283528938","14531.685839","2592.8825583","2721.4950118","3430.7555458","77.824306672","22.226127439","26.010996501","45.084054173","46.634085547","51.740351131","23.272259098","47.677190238","110.97497082","95.828718854","5.5678813012","5.8440599784","2289.2883287","2289.799243","2289.8171506","78.383219885","21.530633875","26.07384336","100.66410673","2735.6335706","5582.1916851","5582.1480294","na","na","na","2276.0556719"
"Niger","NER","2010","15878.271","495.27702157","CFA Franc BCEAO","313.35864192","8770.209697","552.34034593","590.91346092","728.80966506","78.943975639","14.128685724","30.263446757","63.269368106","64.353577581","57.323537406","57.342688222","85.847815944","63.005740805","99.410381759","1.1860797452","1.268910541","522.06030211","530.78873684","521.99025095","74.272933688","12.784935039","28.338065229","54.545828973","694.41348198","1583.4314738","1610.1212433","na","1697.0616779","na","480.47488648"
"Nigeria","NGA","2010","152217.341","150.18666667","Naira","118.92573274","248038.5258","1629.5024218","1716.3435827","1515.6482589","60.953549649","17.096962762","10.256297145","79.185280147","80.282775624","82.927252082","46.712927779","104.9479328","78.646257741","90.460063798","3.4991465525","3.6856267594","1692.7809561","1656.9953509","1695.4524998","52.176955545","14.076149641","8.7379700086","55.352445465","2174.3653933","5342.0252858","5220.8546473","na","4948.692985","na","1444.3898661"
"Norway","NOR","2010","4676.305","6.04417","Norwegian Krone","9.1517876467","275708.64813","58958.653922","58715.330614","51395.042742","55.868447157","6.3616853167","25.302445822","151.41512642","151.08015449","156.17257551","179.63546761","134.2875165","69.900647068","101.19747498","126.60611475","126.08360929","50490.912172","50717.657494","50487.523673","58.013147758","6.3535607851","26.149449819","73.614604141","55731.202889","94862.98714","95295.394597","na","91219.705896","64.065703763","52209.705928"
"Oman","OMN","2010","2967.717","0.3845","Rial Omani","0.291300083","72224.898366","24336.855019","24219.903071","19957.633457","32.545547861","8.9663328977","40.889908375","75.76074981","80.402338924","99.107618621","112.15856142","47.365586027","98.278525137","94.534060198","52.260261291","52.009122048","22381.878204","21790.66342","22389.896842","31.469149151","8.3386059159","39.350456372","101.28774936","26592.084266","51242.540448","49871.107471","na","57673.4101","na","21429.575475"
"Pakistan","PAK","2010","184404.791","85.193816326","Pakistan Rupee","32.313250833","459147.11821","2489.8871429","2559.0338068","2705.3258163","81.066835245","10.389677816","14.260176146","37.929103575","37.727261728","39.020336342","25.845922007","40.868283353","32.950252","103.81657147","5.3467119138","5.4951954676","2297.1848378","2290.5994027","2297.0548309","78.136225451","9.6315562506","13.679629053","30.51809731","2803.6139112","6680.6518956","6661.877216","na","7865.8753096","na","2206.9937454"
"Palau","PLW","2010","20.879","1","US Dollar","0.6056201885","365.8116179","17520.552608","18088.819183","18994.052141","47.612158566","30.317564265","27.074655555","60.562018853","63.379923364","78.757820578","44.265168014","47.713423216","147.68756639","78.698015581","37.62312988","38.843409152","15402.271029","15099.435904","15398.295728","48.16220892","29.496331742","27.257855707","134.28479008","17324.586636","na","na","na","na","na","15402.271155"
"Panama","PAN","2010","3410.676","1","Balboa","0.6835514796","39208.259584","11495.744417","11802.683223","11435.701642","54.382288116","12.566238838","29.942166677","68.355147963","68.753194094","77.717391179","40.69892523","62.725929881","148.60468802","93.048911197","24.685630353","25.344741903","10849.33174","10788.4417","10857.094399","51.240938394","11.388068851","28.079090958","142.77372778","12694.618674","23156.432234","23010.007094","na","na","na","10156.144139"
"Papua New Guinea","PNG","2010","6064.515","2.6375","Kina","1.1671066748","22137.822153","3650.3862474","3764.1201504","4062.7924661","78.265640742","16.400950332","13.268126836","44.250490041","44.51210819","46.31051856","30.368276179","50.24471768","131.12866608","97.70488451","7.8387342552","8.0829631616","2783.8762484","2952.7276388","2774.4706654","91.261063668","18.393677638","15.397996539","114.6191254","3401.1781891","6287.6909204","6691.6687915","na","na","na","3220.5289581"
"Paraguay","PRY","2010","6375.83","4743.0833333","Guarani","2742.8231277","30930.297545","4851.179775","4915.375976","5106.2858242","84.822355802","5.5152510891","13.54632486","57.82785026","58.438443975","54.16389815","79.544071077","72.325485367","110.21178792","97.987042564","10.41728368","10.555136752","4068.7545767","4065.2678282","4069.8413495","89.933540698","5.6242138717","14.294634992","106.44452925","4773.4924358","8503.862522","8494.306229","na","na","na","4305.7687139"
"Peru","PER","2010","28947.973","2.825125","Nuevo Sol","1.7041615234","260808.6111","9009.563851","8965.2578154","8656.8032589","63.429707229","4.7277447814","28.401993765","60.321632613","60.291160402","60.668912827","81.465236434","56.066138852","47.348467804","98.128684716","19.346877836","19.251736332","7410.9746828","7377.4053901","7414.9669913","68.571970872","4.9157877765","30.559269951","46.645033113","8675.3415905","13931.124435","13860.554284","na","19167.416635","9.9519297163","7983.4677555"
"Philippines","PHL","2010","99900.177","45.10966418","Philippine Peso","25.063415858","359227.96894","3595.8691939","3588.9236462","3653.9989733","76.567156938","4.3011222596","20.944947652","55.561078348","55.658734144","54.312226292","83.01025779","54.488786937","71.41949127","100.15682192","7.7216659053","7.7067512361","3193.6319673","3203.1364413","3193.901161","76.663214791","4.1420131131","20.871997156","96.414840111","3870.1795781","7694.2369036","7716.4850668","na","8880.0859565","na","3189.419409"
"Poland","POL","2010","38463.689","3.0153","Zloty","1.937970184","730332.18554","18987.575153","19065.510426","19296.123497","73.732220861","6.7193584554","20.758003152","64.271222897","63.926353187","62.95240089","76.868056522","64.873268614","85.761239881","96.396760473","40.773371826","40.940727786","16700.898609","16730.658871","16705.170804","74.543961536","6.5338346519","20.887234822","84.269411749","18071.142243","36343.28669","36398.737791","na","40533.55376","19.770171371","16825.972698"
"Portugal","PRT","2010","10735.765","0.755045","Euro","0.7117786676","242450.64914","22583.453452","22462.608408","24071.128692","77.718904041","5.6725579321","23.769417363","94.269701484","94.939332077","94.739891968","157.18323715","77.766725532","69.24017449","96.743897015","48.495057283","48.235558118","19785.703466","20012.597776","19782.445452","78.884379533","5.5376877314","24.011710832","71.845055689","21404.32037","37706.000178","38144.678176","na","43519.323211","22.405934088","20010.871206"
"Puerto Rico","PRI","2010","3978.702","1","US Dollar","0.9214259135","107661.87928","27059.548384","27533.112478","22333.212943","59.273807407","7.8138034616","14.026403978","92.142591351","91.016763086","98.307559412","82.607421527","70.773202582","140.00740571","65.750264127","58.106894579","59.123812469","22824.04593","23014.580629","22818.465952","62.490819999","7.9232080221","14.717700595","150.34045063","25256.655271","65215.617772","65776.117318","na","na","na","24003.426731"
"Qatar","QAT","2010","840.926","3.64","Qatari Rial","3.6063228484","120284.96273","143038.70107","142847.74162","107127.90359","27.371774876","9.8469006988","37.775792225","99.074803527","99.186626599","103.31866932","94.714883754","97.149880217","86.15247783","98.717530007","307.15718554","306.74712472","136311.00839","138131.93497","136248.13652","25.541774937","8.8375696373","35.083419576","95.909434581","145753.4538","182297.05716","184817.53871","na","90783.805749","na","126559.95367"
"Romania","ROM","2010","21959.278","3.1779","New Leu","1.9888016095","258266.48447","11761.155557","12077.858805","12710.332431","76.107650807","7.4124253717","21.716560846","62.582259025","62.764425273","57.481315164","76.212503327","76.258095697","76.973519238","98.393621992","25.255566588","25.935646019","9376.1880168","9385.3892945","9377.6183193","84.894096541","7.9523353162","24.109069284","95.541466037","10131.225419","19745.466535","19761.829062","na","22811.140428","12.094973247","10408.49931"
"Russia","RUS","2010","139390.205","30.3679","Russian Ruble","19.441800238","2370326.2061","17004.969654","17552.897541","16169.429613","65.558927902","8.8284438372","17.730921407","64.020891265","64.003534063","58.120137715","73.062932542","80.427387547","50.46405313","96.209036848","36.5159819","37.692586458","15062.24322","15125.838557","15067.599106","65.817826314","8.5247377455","17.716715827","49.268182785","16287.700306","28285.244264","28394.572702","na","31204.489428","na","15062.24322"
"Rwanda","RWA","2010","11055.976","580.27166667","Rwanda Franc","242.14042652","13552.744383","1225.8297579","1319.519889","1546.9838228","75.295645684","25.975220025","15.967520439","41.728804011","44.403075584","48.231637019","18.839994802","54.84977207","41.432537976","99.214716495","2.6323115043","2.8334989926","1025.1384326","1062.8097523","1025.2186118","80.065052645","26.565472386","16.898604217","41.938192735","1306.0015895","2083.358763","2159.7481606","na","na","na","1074.9389025"
"Samoa","WSM","2010","192.001","2.4333333333","Tala","1.0616020422","1403.0163289","7307.3386542","7566.3655245","9179.2737405","91.51713928","20.435135522","9.3645411878","43.627481185","43.939461189","47.469994497","29.145103969","41.934479211","83.844481669","97.200221633","15.691568492","16.24779533","6442.4581156","6489.3174109","6439.16715","92.307195133","19.824206685","9.4006924486","81.211166998","7854.0556307","17064.029433","17196.929466","na","na","na","6442.4581153"
"Sao Tome and Principe","STP","2010","175.808","18070.5","Dobra","11987.105831","319.96480073","1819.9672411","1847.1838808","2768.1292668","119.15220371","12.334866231","18.369654972","66.335219454","66.400059513","65.650352228","62.685293839","76.099371357","69.40714282","101.19365801","3.908145218","3.9665894457","1615.1356261","1605.3342159","1615.7142101","119.39390049","11.887750505","18.319823394","67.967946493","2083.1290983","4546.6503737","4517.4408736","na","na","na","1615.1356261"
"Saudi Arabia","SAU","2010","25731.776","3.75","Saudi Riyal","2.4172714609","674313.59133","26205.481943","26614.478909","21398.44963","33.762211603","7.1013236975","39.537999906","64.46057229","69.171603593","82.83145727","120.30623249","35.872708542","92.230363332","101.56258319","56.27289691","57.151165212","20188.289874","19423.321998","20189.300621","38.971667989","7.8839269618","45.422708238","89.38221345","23768.957359","57973.286797","55773.790183","na","na","na","23130.071285"
"Senegal","SEN","2010","12323.252","495.27702157","CFA Franc BCEAO","311.31171256","20428.612408","1657.7290157","1661.0872926","1983.4406045","84.314005127","6.2140963802","28.878061754","62.856078315","63.187985097","59.728946016","97.262424571","64.891598594","68.568811591","98.964723604","3.559759527","3.566970994","1468.9050975","1465.3096817","1469.3071528","84.614542056","5.9980274583","28.843871443","67.308548117","1878.0334215","3392.8527247","3383.6219585","na","3372.0080456","na","1467.5242838"
"Serbia","SRB","2010","7344.847","77.7289","Serbian Dinar","41.189546562","71217.966601","9696.3172413","9750.2838876","11389.235221","91.09985038","8.3317272142","17.377690245","52.991289677","52.638745219","52.202642217","59.681972657","53.860181235","88.157858561","97.658167839","20.82159228","20.937478702","8594.6972363","8583.8552934","8594.1895881","91.394357623","8.0393685716","17.351378947","88.130212537","9302.6804007","17688.594481","17667.324395","na","na","na","8594.6972363"
"Seychelles","SYC","2010","88.34","11.730666667","Seychelles Rupee","3.6805939997","3068.5818009","34736.040309","35822.764113","48283.245192","38.054350954","16.342772684","80.386571557","31.375829731","38.516052517","59.130679193","35.255025613","21.059274178","227.93333875","93.048208195","74.591172169","76.924771555","32300.079719","30155.925518","32241.094264","36.39205015","15.031873748","76.511361787","241.4136129","36288.997621","na","na","na","na","na","29571.704484"
"Sierra Leone","SLE","2010","5245.695","3902.0833333","Leone","1658.2162981","5417.4289788","1032.7380793","1049.9846571","1313.2419659","64.511803623","14.019896802","46.540790586","42.495665941","42.467002491","44.635537526","32.733916981","42.836749637","57.151533787","99.999301058","2.2176719969","2.2547068012","932.09598109","908.44685506","933.54051855","63.561513024","13.285718176","45.63825398","47.056646723","1180.0812769","2422.4501286","2357.3344243","na","na","na","916.73486373"
"Singapore","SGP","2010","4701.069","1.3635083333","Singapore Dollar","1.0889426517","280255.34633","59615.237797","59870.744361","43614.25884","31.681751571","10.083828746","31.081783291","79.863292736","81.765621942","101.0986966","65.424877892","60.934232416","392.0939636","98.261367683","128.01604405","128.56471149","55838.628469","54827.994686","55862.417918","30.078571702","9.2078590616","29.369339233","409.2219377","60328.717506","101094.30294","99222.305639","na","84585.910393","36.982338942","52374.670515"
"Slovak Republic","SVK","2010","5470.306","0.755045","Euro","0.5789324446","113808.46524","20804.771294","21163.115971","21435.517363","70.235558167","10.11151397","20.940079495","76.675223946","76.270531766","73.877579097","77.612744888","85.662029216","163.44228146","94.055363978","44.675566463","45.445065498","19288.38012","19158.571529","19284.290555","67.367388964","9.3281181786","19.989927783","161.41683831","20882.366935","38697.008744","38444.73344","na","48646.142215","27.821601321","18416.197974"
"Slovenia","SVN","2010","2003.136","0.755045","Euro","0.6323083649","56010.310256","27961.311791","27768.788027","27611.179233","67.009510402","5.9346919217","26.488222333","83.744460909","83.890570041","85.476562911","118.73783758","71.531587594","130.28475341","98.525786972","60.043315338","59.629895353","24901.649826","25094.912562","24902.86703","66.910049741","5.699519754","26.323761238","136.64325686","26787.271197","49037.833654","49416.002837","na","52428.580277","31.290856045","24777.52194"
"Solomon Islands","SLB","2010","559.198","8.0645013441","Solomon Islands Dollar","4.223834385","1226.2686864","2192.9060662","2463.0417621","3021.4189352","47.224007411","38.700808416","36.745411767","52.375642397","62.8571134","91.810780676","37.12461327","29.001232335","118.53354195","81.741514804","4.7089833061","5.2890649163","1976.0454351","1931.7454104","1973.8669796","46.602737515","36.732780486","36.090419537","82.402750981","2441.3241646","4895.06564","4790.6068045","na","na","na","1870.8746355"
"Somalia","SOM","2010","9767.889","31900","Somali Shilling","6697.2898365","5102.2178419","522.34600965","547.31522936","554.43485199","68.186978752","13.191372907","19.92247504","20.994638986","21.130375549","23.224836629","9.5451179176","21.0174758","1.9790339903","93.23167149","1.1216707717","1.1752889547","461.77031838","461.22892335","461.7454491","68.589747288","12.762416938","19.945331924","1.9172134438","594.80007913","1473.6286392","1471.980183","na","na","na","461.738725"
"South Africa","ZAF","2010","49109.107","7.32122","Rand","6.0701630841","437449.03773","8907.69685","8929.2832317","8946.6991578","68.892789527","8.0299937055","23.272259591","82.911906541","84.210394726","79.159636221","155.93678233","68.835410922","55.009495791","98.011485537","19.128131573","19.174485547","7508.7780646","7623.336144","7513.1916056","72.676736562","8.1474560948","24.434329287","51.190606096","8767.4602051","20678.938978","20982.095387","na","19775.876875","na","7888.0179161"
"Spain","ESP","2010","46505.963","0.755045","Euro","0.7414465521","1433132.2966","30816.09764","30895.032633","31566.908868","68.667144951","8.171444741","25.336116652","98.198988414","97.463896389","101.03763723","102.40493702","89.107371182","54.677293521","98.535681063","66.173600219","66.34310295","27332.007817","27422.984293","27331.498753","68.846296544","7.8798076625","25.282025468","57.148968563","29552.235473","54538.801748","54721.357112","na","67871.843072","40.540054764","27286.171451"
"Sri Lanka","LKA","2010","21083.826","113.06605148","Sri Lanka Rupee","57.399521054","97237.187654","4611.9327514","4631.1677531","5054.1683991","75.531422189","7.0730928076","26.529264398","50.766362054","50.75445952","48.318656112","70.074453544","52.65618179","52.707687434","98.754894627","9.9035315145","9.9448362029","4065.5576104","4075.1253999","4063.3505214","76.1931618","6.8625080459","26.635065176","66.565439508","4644.1158318","9852.146236","9880.6960312","na","11874.514188","na","4086.9350486"
"St. Kitts & Nevis","KNA","2010","49.898","2.7","East Caribbean Dollar","2.6370723759","550.76676971","11037.852614","11245.809294","14267.923253","66.441219209","18.824539524","41.607486935","97.669347257","99.221649224","111.731691","67.006030429","91.296814458","100.2633353","94.925692645","23.702366687","24.148926872","9637.3781267","9828.9684771","9638.0606612","67.668846306","18.43999151","42.17575701","101.95715461","10899.035714","na","na","na","na","na","9693.2938479"
"St. Lucia","LCA","2010","160.922","2.7","East Caribbean Dollar","1.618298598","1941.375887","12064.080032","12331.639339","13611.72698","48.961594011","15.049424362","46.369496381","59.93698511","63.097765763","80.754704049","42.703704813","44.569537635","113.15372952","96.579315552","25.906057879","26.480607026","12364.775929","12123.352685","12351.085928","42.480438858","12.558521434","40.041104383","111.58104298","13999.031189","23730.057766","23292.515427","na","27190.077467","13.719780367","10622.498713"
"St.Vincent & Grenadines","VCT","2010","104.217","2.7","East Caribbean Dollar","2.2084203259","824.96976624","7915.8848003","8168.9999095","10557.104565","84.885079271","17.524218802","26.824447576","81.793345403","82.599310146","90.711569771","50.68297957","77.652835129","84.87770874","97.418585873","16.998342953","17.541875046","6973.3608321","7063.2360888","6966.3051988","85.686849094","17.014008985","26.949693071","82.606472805","7969.477312","14080.912114","14276.837401","na","na","na","6973.3608338"
"Sudan","SDN","2010","43939.598","2.4135","Sudanese Pound","1.6910031153","113475.07829","2582.524271","2693.0320986","2718.7438788","72.810700287","10.162504361","17.981547443","70.064351162","70.016122517","68.637049946","49.929167695","87.379941759","28.255650576","90.157692079","5.5456382136","5.7829395386","2289.0538139","2283.5482353","2288.2222604","73.048130298","9.8061790242","17.954825207","36.891453919","2904.7597124","7125.5828438","7111.0278097","na","7343.5365056","na","2285.426329"
"Suriname","SUR","2010","486.618","2.7454166667","Surinam Dollar","1.6290903194","5860.8670657","12044.08194","12832.053292","11936.719809","18.632492524","7.3215757852","67.06861121","59.338545554","58.172663721","55.420806778","24.272440571","63.980303135","117.10878074","97.653156048","25.863114553","27.55518153","10644.829461","10663.878142","10648.538131","18.746985196","7.0851690873","67.161442635","112.58772106","12411.997257","27470.848617","27510.422417","na","na","na","10644.828813"
"Swaziland","SWZ","2010","1354.051","7.3212219612","Lilangeni","4.9274066335","5836.9380269","4310.7224372","4520.1363032","5162.1425131","81.820895829","10.213979287","22.168373789","67.303063063","69.465962663","73.152060575","115.39299077","27.105766738","115.88733427","93.885234068","9.2567211641","9.7064104663","3680.748082","3757.4734689","3692.3341976","85.21257377","10.231035744","22.978068009","163.32896189","4563.3939819","9429.972218","9596.3335182","na","na","na","3771.7756778"
"Sweden","SWE","2010","9074.055","7.20752","Swedish Krona","8.9073464963","371044.50819","40890.705224","41137.627293","38645.240014","68.190984061","6.9608048971","18.789555149","123.58406909","122.5791495","123.40848469","131.56934075","121.34842119","93.965335178","102.01009974","87.807522283","88.337755621","36132.558616","36128.968696","36132.384888","68.624363589","6.7374570488","18.819500495","96.395446559","39405.30693","68296.174679","68289.717513","na","72454.803421","44.625732376","36223.965422"
"Switzerland","CHE","2010","7623.438","1.04291","Swiss Franc","1.5918849388","345860.74436","45368.079908","45397.002881","40227.055667","61.590508356","4.263856883","22.757334024","152.6387645","151.93724771","159.945198","174.57962946","129.05631503","95.765645924","107.71315977","97.422107681","97.484216039","39985.623483","40167.251178","39978.025675","62.142082469","4.1377077201","22.852494878","99.358425075","43247.160724","65369.886357","65679.297576","na","66744.964686","41.009869341","40230.310666"
"Syria","SYR","2010","22198.11","46.171666667","Syrian Pound","31.181464239","90094.058285","4058.6364463","4475.0415839","4494.0631408","68.639523718","9.291806318","22.493728739","67.533763648","67.997386087","61.171380146","41.432067527","97.871343997","69.547291014","96.819195439","8.7153989702","9.6095753654","3791.4949986","3782.6339509","3792.6624193","65.338537941","8.5070791938","21.310656377","72.444684078","4620.7421187","14210.587475","14173.012175","na","12925.111533","na","3590.9205477"
"Taiwan","TWN","2010","23024.956","31.65","New Taiwan Dollar","18.309283994","743569.27361","32294.058395","32529.919911","30229.689693","59.506625945","9.71908144","23.703170939","57.849238528","57.425493566","59.286860509","54.402171806","55.654803819","139.98303685","103.1560454","69.347330564","69.853812786","32117.699829","32162.00566","32104.920005","53.20702847","8.3582253506","21.09358266","127.57918478","34829.940879","66776.365898","66895.10074","na","70573.598131","32.456584865","28575.102123"
"Tajikistan","TJK","2010","7487.489","4.4025","Somoni","1.517145159","16287.860717","2175.3435252","2560.7722172","3256.0136332","114.28679002","7.7775085828","5.0853795832","34.460991686","42.388862156","35.051118054","20.769277109","124.56048952","69.639331369","98.75276175","4.6712700116","5.4989284801","1764.8212197","1745.8707503","1764.4475238","125.27045494","8.1993286644","5.5477415032","177.08901022","2127.5162747","4262.688453","4217.8092506","na","5755.6111596","na","1846.4816228"
"Tanzania","TZA","2010","41892.895","1434.75","Tanzanian Shilling","598.96350984","55338.426512","1320.9501638","1357.0493416","1503.2865475","61.587865235","21.819349736","27.368900639","41.746890388","42.268455289","45.733623667","29.475068706","43.219252483","58.570321147","99.376154022","2.8365703234","2.9140886577","1177.7017188","1178.662537","1178.4863855","61.428761916","20.931656123","27.16903332","53.748238041","1496.755822","2387.0877344","2387.4445389","na","2252.4135844","na","1163.1928074"
"Thailand","THA","2010","66336.258","31.685705","Baht","16.54923859","611091.73965","9212.0321235","9303.9808809","8613.153836","58.369587494","7.6080669707","26.597276054","52.229352606","51.777718217","53.432759927","47.110926683","51.034304795","135.02737983","95.695510094","19.781652371","19.979100484","8065.5698611","8060.9916044","8064.7224424","59.283317374","7.4319944543","26.885818139","146.96930949","8973.8209744","14154.384263","14147.836274","na","14058.185553","na","8154.7293778"
"Timor-Leste","TLS","2010","1154.625","1","US Dollar","0.5342493728","1484.7594577","1285.9235316","1370.7290378","2218.8951491","88.500055407","53.901825159","19.475127066","53.424937279","60.851888869","72.11534474","33.411685086","60.229852737","98.502427933","361.94585985","2.7613551426","2.9434640432","1119.2351262","1117.1156306","1119.4461021","90.419654234","52.967313564","19.803402809","82.85181418","1350.4483564","3669.3089778","3661.6701822","na","na","na","1119.2351267"
"Togo","TGO","2010","6587.239","495.27702157","CFA Franc BCEAO","274.00106317","5715.9894992","867.73677092","872.32820549","1010.3869269","89.825163289","7.9737591378","18.027542953","55.322789314","55.022132011","54.196173691","64.198916934","57.001978781","93.615678854","99.163909035","1.8633529412","1.8732124555","732.85044418","735.41688615","732.85255756","94.579311592","8.0750723542","18.891867643","94.915236131","921.74043223","1502.9236684","1508.1825573","na","na","na","769.10525377"
"Tonga","TON","2010","105.632","1.8225","Pa'anga","0.7475783358","907.27117086","8588.9803361","8763.2323484","12719.562342","97.171363571","17.144987818","30.830574271","41.019387422","41.047523633","44.019516373","30.459544663","38.696656029","72.70129763","101.1826382","18.443728914","18.817912665","7538.3736516","7499.3070486","7538.7433913","98.452723079","16.707512424","31.089323495","71.150982912","9288.5725006","18769.704165","18671.516915","na","na","na","7654.2294661"
"Trinidad &Tobago","TTO","2010","1228.691","6.3613559774","Trinidad and Tobago Dollar","4.0519071534","31362.993264","25525.533486","25882.698524","21444.378183","55.960379153","10.14125273","16.750541213","63.695651803","63.229372866","69.017203245","57.557270458","49.205328107","98.267280306","94.879035744","54.812795183","55.579761097","30783.917193","31816.264171","30749.348303","41.26264668","7.1920585612","12.292649494","99.100487634","34068.753951","58831.82917","60873.12811","na","64351.029849","39.363232197","22777.738768"
"Tunisia","TUN","2010","10525.041","1.4314","Tunisian Dinar","0.7997536186","79269.702775","7531.53387","7467.052972","7862.6144195","70.2416507","5.2268402374","29.828932946","55.87212649","56.749463255","55.223321295","104.62392072","48.926827323","102.56520567","94.899293459","16.172998839","16.034534416","6105.4082709","6077.6462938","6105.3220791","77.052887672","5.5146583551","32.566579756","112.90968307","6914.9993157","16827.581123","16751.300705","na","16534.162607","na","6681.7608931"
"Turkey","TUR","2010","77804.122","1.50285","Turkish Lira","1.2240135485","901746.39188","11589.956531","11582.097272","12223.773595","78.080750328","6.8063929083","20.653099671","81.44615554","81.241990215","79.692431389","109.99796672","78.597232557","47.756203872","98.993684332","24.887938732","24.871061987","10439.90933","10492.24061","10437.96451","77.082278859","6.4626815953","20.292522234","46.827427111","11995.415008","33704.549863","33879.809274","na","35348.556701","18.82897716","10270.931735"
"Turkmenistan","TKM","2010","4940.916","2.85","Manat","0.7572463428","87053.44431","17618.887735","18255.353627","12737.062478","44.341131065","10.376163243","15.054361387","26.570047115","26.372511608","29.117190567","15.24327384","25.358330936","117.93405032","90.530332269","37.834291898","39.201020417","15658.94887","15912.341017","15635.399968","44.365781561","9.9853511363","14.991459949","116.30257999","18197.441455","36457.463412","37103.213966","na","31932.003957","na","15658.94887"
"Uganda","UGA","2010","33398.682","2147.5","Uganda Shilling","843.56497847","43178.031243","1292.806442","1365.8162723","1460.368202","78.26841103","12.056383718","16.597946741","39.281256274","39.711759656","39.969292163","20.518130191","50.780854392","54.278777131","98.069380389","2.776135306","2.9329145121","1101.5269962","1120.6166594","1101.7475594","81.686514712","12.102249095","17.240840664","46.007043514","1468.8174902","2742.7125343","2789.6856513","na","2573.9807182","na","1143.5862332"
"Ukraine","UKR","2010","45415.596","7.9356394167","Hryvnia","2.8966225315","377890.79802","8320.7274879","9269.6471777","9484.1204605","87.64306053","5.6301124543","9.0405427235","36.501438377","39.467476493","31.009140496","58.23218241","78.124142023","103.16369254","98.527334479","17.867690476","19.905373279","7047.705761","6715.0009101","7044.365476","92.014560631","5.685141356","9.4465612915","76.186369384","7564.3482576","13915.405867","13264.780679","na","14238.35424","na","7370.3286691"
"United Arab Emirates","ARE","2010","4975.593","3.6725","UAE Dirham","3.0943367863","353262.77502","70999.130159","70519.925993","65548.366616","58.579338396","3.4382174219","30.932579471","84.256958103","84.665429251","91.041378979","107.71556105","68.838466168","143.49500601","99.966403322","152.46148652","151.43245731","60131.745122","59395.098441","60175.412054","61.506238755","3.4721079584","32.324444241","148.13234387","67004.677774","91694.359371","90505.329592","na","63964.385777","na","62890.051296"
"United Kingdom","GBR","2010","62348.447","0.647179","Pound Sterling","0.6123053949","2398115.405","38463.113685","38669.184004","39641.251511","77.081119806","7.8865948998","17.546089325","94.611443644","93.663207657","96.490562523","102.19382998","82.884270801","62.55183437","100.43921915","82.594582154","83.037091621","34266.967595","34305.253967","34268.008406","76.938243524","7.5712739737","17.430699263","57.287182751","37580.473475","67025.057535","67097.90641","na","73526.840615","44.56480363","34074.521317"
"United States","USA","2010","310232.863","1","US Dollar","1","14447100","46568.567431","46568.567431","48234.735209","76.239432155","7.4769636092","19.861484918","100","100","101.48998757","147.17584801","76.520994938","29.047352064","101.30476012","100","100","41376.080966","41916.900337","41364.996763","76.304238989","7.1974632419","19.784311861","29.20018497","45976.591409","82359.261546","83458.122283","na","92447.907408","54.544850122","41240.808042"
"Uruguay","URY","2010","3301.076","20.059275","Peso Uruguayo","17.897035089","45129.542183","13671.161216","13600.838153","13490.264428","71.804600903","4.517136011","22.865271092","89.220747455","90.127107104","91.307641269","154.84101118","69.687885226","50.906108198","96.671439033","29.357057711","29.206047992","11717.628704","11653.873623","11717.663029","74.497797352","4.5075391065","23.610638748","63.724114845","13210.584821","23125.470924","22999.578924","na","25528.055054","na","12123.008301"
"Uzbekistan","UZB","2010","27865.738","1578.4166667","Uzbekistan Sum","724.434425","84663.313809","3038.2584452","3154.8330829","3097.0763032","54.111378815","19.898776573","24.159104975","45.896273164","46.696507968","52.671023208","27.393361373","45.765850099","77.725800466","102.9479235","6.5242686489","6.7745976673","2678.5138843","2715.9761623","2680.0125759","54.581428712","19.304913105","24.253664295","74.746608053","3103.3332766","6240.3778071","6324.1185956","na","6508.4345355","na","2678.5138853"
"Vanuatu","VUT","2010","221.552","94.51","Vatu","39.811735471","1694.726234","7649.3384576","7723.9547036","8246.6690027","61.309244364","13.047657933","32.410541573","42.124362999","42.171240274","46.500278959","33.858096575","37.270153321","106.5355452","97.049822619","16.425969016","16.586197793","6696.4724322","6619.9761435","6697.7276456","62.277223602","12.747382518","32.766480038","105.00567296","7886.388402","15384.843802","15206.246705","na","na","na","6772.5989726"
"Venezuela","VEN","2010","27223.228","2.585625","Bolivar Fuerte","3.1555322039","320634.9337","11777.990975","11809.94057","10445.850728","62.252071403","4.8532273321","21.344348125","122.04137119","121.34616346","121.42344625","144.01498586","119.04535681","45.865653463","98.880506983","25.291718481","25.360326119","9070.929923","9061.7184383","9070.6060924","71.878449382","5.3896517422","24.528331684","49.331406482","10670.872324","19511.40489","19492.287026","na","25811.102184","13.366702323","10406.060942"
"Vietnam","VNM","2010","89571.13","19065.166667","Dong","6793.7862925","286096.68093","3194.0724755","3372.1919257","3818.0129218","66.305169136","11.322075265","35.593266351","35.634549707","35.915393055","37.644339845","13.837472498","39.67239749","165.66251234","95.847876283","6.8588592084","7.2413477839","2778.6357485","2800.4859464","2780.049264","67.777574343","11.131401526","36.211515527","152.01958186","3188.2027663","4725.7581244","4760.4980908","na","5114.1807667","na","2826.1821669"
"Yemen","YEM","2010","23495.361","218.65","Yemeni Rial","122.88892679","63966.562531","2722.5188211","2763.7214262","2852.0179021","79.216896065","7.2490410055","16.72890287","56.203488128","55.463602786","58.020525062","48.320244822","51.03422012","52.646587756","93.847487216","5.8462584771","5.9347357641","2395.5981696","2430.8776604","2392.8945174","80.057168749","7.0460892222","16.82635654","62.950897812","3057.3999355","8902.2260134","9043.5337564","na","9105.6805157","na","2411.2283158"
"Zambia","ZMB","2010","13460.305","4797.136879","Kwacha","2544.9575789","30520.488528","2267.4440533","2432.3799736","2140.332131","61.576458202","8.9625940694","17.454277483","53.051593963","52.801070621","49.438556943","35.211893904","72.488707697","82.603759362","88.309660392","4.869044032","5.2232226752","1518.0377072","1511.8674392","1517.2387164","81.788871008","11.449813463","23.073931877","42.002281815","1979.2053658","3558.9977725","3546.3983291","na","4175.6987974","na","2019.9760602"
"Zimbabwe","ZWE","2010","11651.858","1","US Dollar","1.6749236996","4301.2615444","369.14812594","413.18431761","479.03144766","86.363764415","26.517332125","3.0554061892","167.49236996","207.32350667","210.46580551","29.567104545","486.58956812","95.786662226","97.35565616","0.79269805","0.8872600992","318.80410029","321.60416744","319.04312061","88.927036757","26.261362906","3.1312045031","66.662902627","406.67674472","606.12776772","610.99332194","na","713.05896236","na","316.02451596"
